ASIN,AMZN URL,Title,Price,Stock,Shipping Info,JSON URL
B08M4QF7V9,https://amazon.in/dp/B08M4QF7V9,"Vaseline Deep Moisture Serum In Lotion, 400 ml | Enriched with Glycerin for Nourished Soft Skin",₹280.00,In stock,"FREE delivery Monday, 5 August on orders dispatched by Amazon over ₹499. ",http://www.jsonblob.com/1269345313021091840
B00S6KDGNE,https://amazon.in/dp/B00S6KDGNE,"VWash Plus Expert Intimate Hygiene, 200ml, Hygiene Wash for Women, Vaginal Wash, Prevents Itching, Irritation & Dryness, Suitable For All Skin Types",₹302.00,In stock,"FREE delivery Thursday, 8 August on orders dispatched by Amazon over ₹499. ",http://www.jsonblob.com/1269345351679991808
B07VV5R3FB,https://amazon.in/dp/B07VV5R3FB,"Boroplus Body Lotion Provides 24Hrs Moisturisation 100% Ayurvedic Lotion, Vitamin E For Dry And Normal Skin With Goodness Of Dhoodh, Badam & Kesar, 400Ml",₹159.00,In stock,"FREE delivery Monday, 5 August on orders dispatched by Amazon over ₹499. ",http://www.jsonblob.com/1269345373142245376
B000MN95AQ,https://amazon.in/dp/B000MN95AQ,"Gillette Venus Hair Removal Razor for Women with Aloe Vera, 1 Pc",₹279.00,In stock,"FREE delivery Monday, 5 August on orders dispatched by Amazon over ₹499. ",http://www.jsonblob.com/1269345410727403520
B0C85MW3RV,https://amazon.in/dp/B0C85MW3RV,"Plum 15% Vitamin C Face Serum For Glowing Skin | Reduces Dark Spots | For Dull Skin | With Mandarin | Beginner Friendly, For All Skin Types | 100% Vegan | 10 ml",₹263.00,In stock,"FREE delivery Monday, 5 August on orders dispatched by Amazon over ₹499. ",http://www.jsonblob.com/1269345430671319040
B09JSD5Z6S,https://amazon.in/dp/B09JSD5Z6S,"Swiss Beauty Hydra Anti Wrinkle Eye Serum Patch| Treats Dark Circles, Fine Lines And Wrinkles | Enriched With Collagen And Aloe Vera Extract | Shade- Aloevera, 60 Pcs|",₹199.00,In stock,"FREE delivery Monday, 5 August on orders dispatched by Amazon over ₹499. ",http://www.jsonblob.com/1269345448652300288
B006LXDVTM,https://amazon.in/dp/B006LXDVTM,NIVEA Pearl and Beauty 50ml Deo Roll On | With Pearl Extracts & Avocado Oil| 48 H Smooth & Beautiful Underarms| 0% Alcohol | For Women,₹139.00,In stock,"FREE delivery Monday, 5 August on orders dispatched by Amazon over ₹499. ",http://www.jsonblob.com/1269345514817445888
B0D499VVHJ,https://amazon.in/dp/B0D499VVHJ,"Lovechild Masaba Skip Everything Blurring 4 In 1 Serum Full Coverage Skin Tint For All Skin Type, Natural Coverage, For Daily Use, With Sod Technology, Lonely Lioness, 30Ml","₹1,249.00",In stock,"FREE delivery Monday, 5 August. ",http://www.jsonblob.com/1269345530852270080
B0CRHFHJ9X,https://amazon.in/dp/B0CRHFHJ9X,"Dot & Key Watermelon Hyaluronic Cooling Sunscreen SPF 50 PA+++| for Oily, Normal & Combination Skin | UV + Blue Light Protection | Lightweight | No White Cast | Boosts Vitamin D Absorption | 80g…",₹499.00,In stock,"FREE delivery Monday, 5 August. ",http://www.jsonblob.com/1269345548187328512
B0CHPFKFSR,https://amazon.in/dp/B0CHPFKFSR,"Clapstore Toys LED Light Switch Busy Board V6 Montessori Toy with Button for Kids, Wooden Control Panel, Activity Sensory Board Fidget Toy for Toddlers, Kids 1-6 Year Old",,Currently unavailable.,,http://www.jsonblob.com/1269345568642949120
B0BRB9L43T,https://amazon.in/dp/B0BRB9L43T,Toy Imagine™ 8.5 inch LCD Writing Tablet Pad for Kids. Digital Magic Slate | Electronic Notepad | Scribble Doodle Drawing Rough Pad | Kids Toys Best Birthday Gift for Boys & Girls,₹99.00,In stock,"FREE delivery Monday, 5 August on orders dispatched by Amazon over ₹499. ",http://www.jsonblob.com/1269345587320184832
B0CQ2RNJ73,https://amazon.in/dp/B0CQ2RNJ73,Toy Imagine� Gyro Magic Lattoo Toy with Music and Lights Spinning Top Toy for Kids Boys Colourful Tops Pack of 1 Color May Vary,₹185.00,In stock,"FREE delivery Monday, 5 August on orders dispatched by Amazon over ₹499. ",http://www.jsonblob.com/1269345603879297024
B0CNCY6G5K,https://amazon.in/dp/B0CNCY6G5K,"TEC TAVAKKAL Duck Slide Toy Set, Funny Automatic Stair-Climbing Ducklings Cartoon Race Track Set Little Lovely Duck Slide Toy Escalator Toy with Lights and Music (Duck Track Set)",₹439.00,In stock,"FREE delivery Monday, 5 August on orders dispatched by Amazon over ₹499. ",http://www.jsonblob.com/1269345630102085632
B0B86BQ574,https://amazon.in/dp/B0B86BQ574,"Graphene Bedtime Fun Kids Slide Projector Torch, Premium ABS Materials, Easy-to-Use Interchangeable Slides, Versatile Flashlight for Nighttime Safety, The Perfect Sleep Companion for Children",₹198.00,In stock,"FREE delivery Monday, 5 August on orders dispatched by Amazon over ₹499. ",http://www.jsonblob.com/1269345645763616768
B07LDKFM2Y,https://amazon.in/dp/B07LDKFM2Y,"Scotch-Brite 2-in-1 Bucket Spin Mop (Green, 2 Refills), 4 Pcs","₹1,085.00",In stock,"FREE delivery Monday, 5 August. ",http://www.jsonblob.com/1269345768866439168
B0C74C6821,https://amazon.in/dp/B0C74C6821,VYOOx Toilet Cleaning Brush with Wiper Tiles Cleaning Bathroom Brush Floor Scrub Brush with Long Handle 120° Rotate 2IN1 Home Kitchen Bathroom Toilet Cleaning Brush Pack-1,₹239.00,In stock,"FREE delivery Monday, 5 August on orders dispatched by Amazon over ₹499. ",http://www.jsonblob.com/1269345799015096320
B07GBZ1KV8,https://amazon.in/dp/B07GBZ1KV8,"SOFTSPUN Microfiber Cleaning Cloths, 4pcs 40x40cms 340GSM Multi-Colour! Highly Absorbent Lint and Streak Free Multi -Purpose Wash Cloth for Kitchen Window Stainless Steel silverware.……",₹251.00,In stock,"FREE delivery Monday, 5 August on orders dispatched by Amazon over ₹499. ",http://www.jsonblob.com/1269345828761100288
B0CJ6RZBTR,https://amazon.in/dp/B0CJ6RZBTR,"Tosaa Food Snack Bag Pouch Clip Sealer for Keeping Food Fresh for Home, Kitchen, Camping Snack Seal Sealing Bag Clips (Multi-Color) (Pack of 30)",₹89.00,In stock,"FREE delivery Tuesday, 6 August on orders dispatched by Amazon over ₹499. Order within 12 hrs 2 mins. ",http://www.jsonblob.com/1269345856082796544
B0C7VCGG2K,https://amazon.in/dp/B0C7VCGG2K,"Clazkit Food Strainer Colander, Fruit Basket, Pasta Strainer, Vegetable Strainer, Kitchen Sieve, Washing Bowl, Unbreakable, (Color May Vary), Plastic, 10 x 10 x 10 millimeters",₹79.00,In stock,"FREE delivery Monday, 5 August on orders dispatched by Amazon over ₹499. ",http://www.jsonblob.com/1269345876165124096
B07PR1CL3S,https://amazon.in/dp/B07PR1CL3S,"boAt Rockerz 450 Bluetooth On Ear Headphones with Mic, Upto 15 Hours Playback, 40MM Drivers, Padded Ear Cushions, Integrated Controls and Dual Modes(Luscious Black)","₹1,998.00",In stock,"FREE delivery Monday, 5 August. ",http://www.jsonblob.com/1269345903851724800
B09TVVGXWS,https://amazon.in/dp/B09TVVGXWS,"Oneplus Bullets Z2 Bluetooth Wireless in Ear Earphones with Mic, Bombastic Bass - 12.4 mm Drivers, 10 Mins Charge - 20 Hrs Music, 30 Hrs Battery Life, IP55 Dust and Water Resistant (Magico Black)","₹1,599.00",In stock,"FREE delivery Monday, 5 August. ",http://www.jsonblob.com/1269345933375430656
B0B1PX62WJ,https://amazon.in/dp/B0B1PX62WJ,"Noise Two Wireless On-Ear Headphones with 50 Hours Playtime, Low Latency(up to 40ms), 4 Play Modes, Dual Pairing, BT v5.3 (Bold Black)","₹1,697.00",,FREE delivery 31 August - 2 September,http://www.jsonblob.com/1269345963826077696
B07L9FW9GF,https://amazon.in/dp/B07L9FW9GF,"Zebronics Zeb-Power Wired USB Mouse, 3-Button, 1200 DPI Optical Sensor, Plug & Play, for Windows/Mac",₹139.00,In stock,"FREE delivery Monday, 5 August on orders dispatched by Amazon over ₹499. ",http://www.jsonblob.com/1269345982662696960
B009VCGPSY,https://amazon.in/dp/B009VCGPSY,HP M070 Ergonomic Wired Mouse/ 1.5M USB Cable/Optical Engine/Accurate Positioning/ 1600 DPI with Adjustable DPI 1000-1200/3 Years Warranty,₹269.00,In stock,"FREE delivery Monday, 5 August on orders dispatched by Amazon over ₹499. ",http://www.jsonblob.com/1269346001025359872
B08DLTJK96,https://amazon.in/dp/B08DLTJK96,"LuvLap Anti-Colic Slim/Regular Neck Essential Baby Feeding Bottle, 250ml (Pack of 2), New Born/Infants/Toddler upto 3 years, Jungle Tales & Wild Flowers, BPA Free,Blue",₹280.00,In stock,"FREE delivery Monday, 5 August on orders dispatched by Amazon over ₹499. ",http://www.jsonblob.com/1269346025192939520
B099PZLPHQ,https://amazon.in/dp/B099PZLPHQ,"First Kick Baby Blankets New Born Combo Pack of Hooded Wrapper Sleeping Bag and Baby Bath Towel for 0-6 Months Baby Boys and Baby Girls,Pink, Pack of 2",₹469.00,In stock,"FREE delivery Monday, 5 August on orders dispatched by Amazon over ₹499. ",http://www.jsonblob.com/1269346049645731840
B07DKJXSPK,https://amazon.in/dp/B07DKJXSPK,"BabyGo Waterproof Spill Resistant Bibs, Baby Apron With Bib, Baby Bibs For 6 to 12 Months, Fastdry Bibs, Soft Cotton Bib (Set of 6)",₹174.00,In stock,"FREE delivery Monday, 5 August on orders dispatched by Amazon over ₹499. ",http://www.jsonblob.com/1269346120122621952
B07DKJXSPK,https://amazon.in/dp/B07DKJXSPK,"BabyGo Waterproof Spill Resistant Bibs, Baby Apron With Bib, Baby Bibs For 6 to 12 Months, Fastdry Bibs, Soft Cotton Bib (Set of 6)",₹174.00,In stock,"FREE delivery Monday, 5 August on orders dispatched by Amazon over ₹499. ",http://www.jsonblob.com/1269346147465289728
B083KH2779,https://amazon.in/dp/B083KH2779,"Cable World Infant Colourful Plastic Non Toxic Set Of 7 Attractive Rattles And Teathers For New Borns, Baby,Kid (Multi Color)",₹190.00,In stock,"FREE delivery Monday, 5 August on orders dispatched by Amazon over ₹499. ",http://www.jsonblob.com/1269346187873214464